START VALUE, END VALUE, NC/MT ratio, NC/TP ratio, NC/SS ratio, NC/PS ratio
1000000,2000000,1895514.9863013695,1.0077484311173373,0.48923090407604314,1.3209020897199075,
1000000,2000000,1651182.8630136985,1.698483188420903,0.43214522812557643,1.41762129713208,
1000000,2000000,Infinity,1.5156512015259458,0.42275179325440637,1.4574728580401044,
1000000,2000000,1599321.01369863,1.5054433016958024,0.42637655872419056,1.4740573421767313,
1000000,2000000,1605034.123287671,1.5314275126504198,0.4289198157831028,1.4807656389575627,
100000,200000,3.3283264852718993E-4,0.8554949181941555,0.638890307113273,0.6602581850870161,
