NC/MT ratio, SS/PS ratio
1.3616105666114768,37.665217429115586,
1.0058782089890932,2.479919534449314,
