NC/RMT ratio, NC/TP ratio, SS/PS ratio
0.002047968392585297,0.18035150305984235,1.5469594434119054,
0.002016402580110878,0.2833263742889587,1.993084286521237,
0.001969261922121252,0.19766174523463453,1.8512278166405818,
0.0018110054342620947,0.20353344734695655,2.0199629759936713,
0.0016080473235997954,0.1755120972432502,1.5234146717453876,
