NC/MT ratio, SS/PS ratio
0.12314899096418977,15.44478043644347,
