NC/MT ratio, SS/PS ratio
0.7247855181861314,7.31467210238117,
