NC/MT ratio, SS/PS ratio
0.07241794184831031,22.25757634741274,
