NC/MT ratio, SS/PS ratio
0.08735315714837466,17.652187258710022,
